"09GalleryMain.htm;""Jan 13"
"09IRLLandscapesEtc.htm;""Jan 13"
"09IRLRecreation.htm;""Jan 13"
"09SpeciesPICS.htm;""Jan 13"
"09SunriseSunset.htm;""Jan 13"
"09calpics.htm;""Jan 13"
"09index.htm;""Jan 13"
"10GalleryMain.htm;""Jan 13"
"10GalleryMain.html;""Jan 13"
"10IRLLandscapesEtc.htm;""Jan 13"
"10IRLLandscapesEtc.html;""Jan 13"
"10IRLRecreation.htm;""Jan 13"
"10IRLRecreation.html;""Jan 13"
"10SpeciesPICS.htm;""Jan 13"
"10SpeciesPICS.html;""Jan 13"
"10SunriseSunset.htm;""Jan 13"
"10SunriseSunset.html;""Jan 13"
"10calpics.htm;""Jan 13"
"10calpics.html;""Jan 13"
"10index.htm;""Jan 13"
"10index.html;""Jan 13"
"11GalleryMain.htm;""Jan 13"
"11GalleryMain.html;""Jan 13"
"11IRLLandscapesEtc.htm;""Jan 13"
"11IRLRecreation.htm;""Jan 13"
"11SpeciesPICS.htm;""Jan 13"
"11SunriseSunset.htm;""Jan 13"
"11calpics.htm;""Jan 13"
"12GalleryMain.htm;""Jan 13"
"12GalleryMain.html;""Jan 13"
"12IRLLandscapesEtc.htm;""Jan 13"
"12IRLLandscapesEtc.html;""Jan 13"
"12IRLRecreation.htm;""Jan 13"
"12IRLRecreation.html;""Jan 13"
"12SpeciesPICS.htm;""Jan 13"
"12SpeciesPICS.html;""Jan 13"
"12SunriseSunset.htm;""Jan 13"
"12SunriseSunset.html;""Jan 13"
"12calpics.htm;""Jan 13"
"12calpics.html;""Jan 13"
"12index.html;""Jan 13"
"14GalleryMain.htm;""Jan 13"
"14GalleryMain.html;""Jan 13"
"14IRLLandscapesEtc.htm;""Jan 13"
"14IRLLandscapesEtc.html;""Jan 13"
"14IRLRecreation.htm;""Jan 13"
"14IRLRecreation.html;""Jan 13"
"14SpeciesPICS.htm;""Jan 13"
"14SpeciesPICS.html;""Jan 13"
"14SunriseSunset.htm;""Jan 13"
"14SunriseSunset.html;""Jan 13"
"14calpics.htm;""Jan 13"
"14calpics.html;""Jan 13"
"Alpha_List.htm;""Jan 14"
"Animal_Biodiv.htm;""Jan 13"
"Animals.htm;""Jan 13"
"Aspecies1.htm;""Mar 16"
"Aspecies2.htm;""Mar 16"
"Aspecies2old.htm;""Mar 16"
"Barrierislnd.htm;""Jan 13"
"BarrierislndOLD.htm;""Jan 13"
"Beaches.htm;""Mar 16"
"Borders;""Jan 13"
"Bspecies.htm;""Mar 16"
"Cl_Amphib.htm;""Mar 16"
"Cl_Aves.htm;""Jan 13"
"Cl_Aves2.htm;""Mar 16"
"Cl_Aves3.htm;""Mar 16"
"Cl_Aves4.htm;""Mar 16"
"Cl_Chondr.htm;""Mar 16"
"Cl_Mammal.htm;""Mar 16"
"Cl_Osteic.htm;""Mar 16"
"Cl_OsteicOld.htm;""Mar 16"
"Cl_Reptil.htm;""Mar 16"
"Cl_ReptilOld.htm;""Mar 16"
"Clean;""Jan 13"
"Climate_Change.htm;""Jan 13"
"Climate_Chng.html;""Jan 13"
"ComparAlgae_Seagr.htm;""Jan 13"
"CompareAlgae_Seagr.htm.htm;""Jan 13"
"Compl_Reports.htm;""Mar 16"
"Compl_ReportsOld.htm;""Mar 16"
"Cspecies1.htm;""Mar 16"
"Cspecies2.htm;""Mar 16"
"Cspecies3.htm;""Mar 16"
"Cspecies4.htm;""Mar 16"
"Dspecies.htm;""Mar 16"
"Dunes.htm;""Mar 16"
"Especies.htm;""Mar 16"
"FGspecies.htm;""Mar 16"
"Fungi.htm;""Jan 13"
"GalleryMain.htm;""Jan 13"
"GalleryMain06.htm;""Jan 13"
"GalleryMain07.htm;""Jan 13"
"GalleryMain08.htm;""Jan 13"
"Habitat_Threats.htm;""Mar 16"
"Hammock_FWLens.htm;""Jan 13"
"Hammock_Habitat.htm;""Mar 16"
"Hspecies.htm;""Mar 16"
"IJKspecies.htm;""Mar 16"
"INVERTS.htm;""Jan 13"
"INVERTS.html;""Jan 13"
"IRL;""Jan 13"
"IRLLandscapesEtc.htm;""Jan 13"
"IRLRecreation.htm;""Jan 13"
"IRLRecreation07.htm;""Jan 13"
"IRLRecreation07OLD.htm;""Jan 13"
"IRLRecreation08.htm;""Jan 13"
"IRL_Links.htm;""Jan 13"
"IRL_Seagrasstrends.htm;""Jan 13"
"IRL_news.htm;""Jan 13"
"IRLspec-broken-links.htm;""Jan 13"
"IntroBryozoa.htm;""Jan 13"
"LandmarksEtc.htm;""Jan 13"
"LandmarksEtc07.htm;""Jan 13"
"LandmarksEtc08.htm;""Jan 13"
"ListedSpec.htm;""Mar 16"
"Lspecies.htm;""Mar 16"
"LspeciesOld.htm;""Mar 16"
"Mangroves.htm;""Mar 16"
"Maps.htm;""Jan 13"
"Mspecies.htm;""Mar 16"
"MspeciesOld.htm;""Mar 16"
"NamSpecies.htm;""Jan 13"
"NewTemp;""Jan 13"
"Nonnatives.htm;""Mar 16"
"Nspecies.htm;""Mar 16"
"Ospecies.htm;""Mar 16"
"Oyster_reef.htm;""Mar 16"
"Oystereef_Emerging_Issues.htm;""Jan 13"
"Oysterreef_Emerging_Issues.htm;""Jan 13"
"PP_NMNH_Template.pptx;""Jan 13"
"PhotoGallery_Intro.htm;""Jan 13"
"Phyl_Anneli1.htm;""Jan 13"
"Phyl_Anneli2.htm;""Mar 16"
"Phyl_Anneli3.htm;""Mar 16"
"Phyl_Anneli4.htm;""Mar 16"
"Phyl_Arthrop1.htm;""Jan 13"
"Phyl_Arthrop1OLD;""Jan 13"
"Phyl_Arthrop2.htm;""Mar 16"
"Phyl_Arthrop3.htm;""Mar 16"
"Phyl_Arthrop4.htm;""Mar 16"
"Phyl_Arthrop5.htm;""Mar 16"
"Phyl_Arthrop6.htm;""Mar 16"
"Phyl_Arthrop7.htm;""Mar 16"
"Phyl_Arthrop7Old.htm;""Mar 16"
"Phyl_Ascomy.htm;""Jan 13"
"Phyl_Bacill_Glossary.htm;""Jan 13"
"Phyl_Basidiom.htm;""Jan 13"
"Phyl_Chaeto.htm;""Jan 13"
"Phyl_Chloro.htm;""Mar 16"
"Phyl_Chorda.htm;""Jan 13"
"Phyl_Chryso1.htm;""Mar 16"
"Phyl_Chryso2.htm;""Jan 13"
"Phyl_Chryso3.htm;""Jan 13"
"Phyl_Chryso4.htm;""Jan 13"
"Phyl_Chryso5.htm;""Jan 13"
"Phyl_Ciliop.htm;""Mar 16"
"Phyl_Cnidar.htm;""Mar 16"
"Phyl_CnidarOld.htm;""Mar 16"
"Phyl_Cnidar_Glossary.htm;""Jan 13"
"Phyl_Ctenop.htm;""Jan 13"
"Phyl_Dinofl.htm;""Mar 16"
"Phyl_Dinofl_Glossary.htm;""Jan 13"
"Phyl_Dinofl_REVISED.htm;""Mar 16"
"Phyl_Echino.htm;""Mar 16"
"Phyl_Echino_Glossary.htm;""Jan 13"
"Phyl_Echiur.htm;""Jan 13"
"Phyl_Ectopr.htm;""Mar 16"
"Phyl_Hemich.htm;""Jan 13"
"Phyl_Kinorh.htm;""Jan 13"
"Phyl_Mollus1.htm;""Jan 13"
"Phyl_Mollus2.htm;""Mar 16"
"Phyl_Mollus3.htm;""Mar 16"
"Phyl_Mollus3Old.htm;""Mar 16"
"Phyl_Mollus4.htm;""Mar 16"
"Phyl_Mollus5.htm;""Mar 16"
"Phyl_Mollus6.htm;""Mar 16"
"Phyl_Mollus7.htm;""Mar 16"
"Phyl_Mollus8.htm;""Mar 16"
"Phyl_Nemert.htm;""Mar 16"
"Phyl_Other.htm;""Jan 13"
"Phyl_Phaeop.htm;""Jan 13"
"Phyl_Phoron.htm;""Jan 13"
"Phyl_Platyh.htm;""Mar 16"
"Phyl_Porife.htm;""Mar 16"
"Phyl_Porife_Glossary.htm;""Jan 13"
"Phyl_Rhizop.htm;""Jan 13"
"Phyl_Rhodop.htm;""Mar 16"
"Phyl_Sipunc.htm;""Jan 13"
"Phyl_Tardig.htm;""Jan 13"
"Phyl_Trache1.htm;""Jan 13"
"Phyl_Trache2.htm;""Mar 16"
"Phyl_Trache2Old.htm;""Mar 16"
"Phyl_Trache3.htm;""Mar 16"
"Plant_Biodiv.htm;""Jan 13"
"Plants.htm;""Jan 13"
"Proj_Bkgnd.htm;""Jan 13"
"Protect;""Jan 13"
"Protect-IRL.htm;""Jan 13"
"Protis_Biodiv.htm;""Jan 13"
"Protists.htm;""Jan 13"
"Pspecies1.htm;""Mar 16"
"Pspecies1Old.htm;""Mar 16"
"Pspecies2.htm;""Mar 16"
"QRspecies.htm;""Mar 16"
"QRspecies2.htm;""Jan 13"
"SMShome.htm;""Jan 13"
"Saltmarsh.htm;""Mar 16"
"Scrub.htm;""Mar 16"
"Scrub_decline.htm;""Jan 13"
"Seagrass_Emerging_Issues.htm;""Jan 13"
"Seagrass_Habitat.htm;""Mar 16"
"Search.htm;""Jan 13"
"SearchGoogle.htm;""Jan 13"
"Search_new.bak;""Jan 13"
"Search_new.htm;""Jan 13"
"Sp_Image_Collection.htm;""Mar 16"
"Species;""Jan 13"
"SpeciesImageGallery.htm;""Mar 16"
"SpeciesPICS.htm;""Jan 13"
"SpeciesPics07.htm;""Jan 13"
"SpeciesPics07_2.htm;""Jan 13"
"SpeciesPics07_3.htm;""Jan 13"
"SpeciesPics08.htm;""Jan 13"
"SpeciesPics08_2.htm;""Jan 13"
"SpeciesPics_2.htm;""Jan 13"
"Species_Images.htm;""Mar 16"
"Species_Rpts.htm;""Jan 13"
"Sspecies1.htm;""Mar 16"
"Sspecies2.htm;""Mar 16"
"Sspecies2Old.htm;""Mar 16"
"Subphy_Urocho.htm;""Mar 16"
"SunriseSunset.htm;""Jan 13"
"SunriseSunset07.htm;""Jan 13"
"SunriseSunset07_2.htm;""Jan 13"
"SunriseSunset08.htm;""Jan 13"
"TEMPLATE.htm;""Jan 13"
"TEMPL_PICS.htm;""Jan 13"
"TemplateNew;""Jan 13"
"Thumbs.db;""Jan 13"
"Tidal_Flats.htm;""Mar 16"
"Total_Biodiv.htm;""Jan 13"
"Tspecies.htm;""Mar 16"
"UVWXYZSpecies.htm;""Mar 16"
"Whats_New.htm;""Jan 13"
"Whats_biodiv.htm;""Jan 13"
"Whatsa_Habitat.htm;""Jan 13"
"Whatsa_lagoon.htm;""Jan 13"
"_lab.html;""Jan 13"
"_notes;""Jan 13"
"_template.html;""Jan 13"
"acknowledge.htm;""Jan 13"
"alphalinkcheat.html;""Jan 13"
"calpics.htm;""Jan 13"
"calpics07.htm;""Jan 13"
"calpics08.htm;""Jan 13"
"clean;""Jan 13"
"contact.htm;""Jan 13"
"eol_logo_globe.jpg;""Jan 13"
"ices;""Jan 13"
"images;""Jan 13"
"impoundments.htm;""Mar 16"
"index;""Jan 13"
"index.htm;""Jan 13"
"indexTWO_TRIOS.htm;""Jan 13"
"taxa;""Mar 16"
"test.html;""Jan 13"
"~$Species;""Mar 16"